{
    "x": -5.267048358917236,
    "y": -4.181342124938965,
    "z": 0.0
}