{
    "x": 1.0440599918365479,
    "y": 1.9427703619003297,
    "z": 0.0
}