{
    "x": -1.6829626560211182,
    "y": 0.07281267642974854,
    "z": 0.0
}