{
    "x": -0.2960765063762665,
    "y": 1.3350337743759156,
    "z": 0.0
}