{
    "x": -6.950010776519775,
    "y": 1.9583532810211182,
    "z": 0.0
}