{
    "x": 1.4180513620376588,
    "y": 0.8675442934036255,
    "z": 0.0
}